{"count":1,"self":120.15663359999999,"total":331.761381,"children":{"InitializeActuators":{"count":10,"self":0.002838,"total":0.002838,"children":null},"InitializeSensors":{"count":10,"self":0.0018679999999999999,"total":0.0018679999999999999,"children":null},"AgentSendState":{"count":126932,"self":1.6671939999999998,"total":18.876165999999998,"children":{"CollectObservations":{"count":253870,"self":11.141177599999999,"total":11.141178,"children":null},"WriteActionMask":{"count":253870,"self":0.381461,"total":0.381461,"children":null},"RequestDecision":{"count":253870,"self":1.00941,"total":5.6863329999999994,"children":{"AgentInfo.ToProto":{"count":253870,"self":0.9813639999999999,"total":4.6769229999999995,"children":{"GenerateSensorData":{"count":253870,"self":3.6955592,"total":3.695559,"children":null}}}}}}},"DecideAction":{"count":126932,"self":179.0524032,"total":179.052407,"children":null},"AgentAct":{"count":126932,"self":13.2017568,"total":13.201756999999999,"children":null},"AgentInfo.ToProto":{"count":19027,"self":0.087924999999999989,"total":0.465686,"children":{"GenerateSensorData":{"count":19027,"self":0.37776099999999996,"total":0.37776099999999996,"children":null}}}},"gauges":{"Walker.CumulativeReward":{"count":19027,"max":2.08562827,"min":-2,"runningAverage":-1.2051059,"value":-0.5381442,"weightedAverage":-0.7775654}},"metadata":{"timer_format_version":"0.1.0","start_time_seconds":"1690218015","unity_version":"2022.3.5f1","command_line_arguments":"\/unity-volume\/walker-exec.x86_64 -nographics -batchmode --mlagents-port 5005 -logFile \/ml-agents\/results\/testRun\/run_logs\/Player-0.log","communication_protocol_version":"1.5.0","com.unity.ml-agents_version":"2.3.0-exp.4","scene_name":"Walker","end_time_seconds":"1690218347"}}